Symbol,Sector
A,Health Care
AA,Materials
AAC,Health Care
AAL,Industrials
AAN,Consumer Discretionary
AAP,Consumer Discretionary
AAT,
AAU,Materials
AAV,Energy
AB,Financials
ABB,Industrials
ABC,Health Care
ABG,Consumer Discretionary
ABM,Industrials
ABR,
ABT,Health Care
ABX,Materials
AC,Financials
ACC,
ACH,Materials
ACM,Industrials
ACN,Information Technology
ACP,
ACU,Industrials
ACV,
ACY,Industrials
ADC,
ADI,Information Technology
ADM,Consumer Staples
ADP,Information Technology
ADS,Information Technology
ADT,Industrials
ADX,
AE,Energy
AEB,Financials
AED,
AEE,Utilities
AEF,Financials
AEG,Financials
AEH,
AEL,Financials
AEM,Materials
AEO,Consumer Discretionary
AEP,Utilities
AER,Industrials
AES,Utilities
AET,Health Care
AEY,Information Technology
AFB,
AFC,
AFG,Financials
AFH,Financials
AFI,Industrials
AFL,Financials
AFT,
AG,Materials
AGC,
AGD,
AGI,Materials
AGM,Financials
AGN,Health Care
AGO,Financials
AGR,Utilities
AGS,Consumer Discretionary
AGX,Industrials
AHC,Consumer Discretionary
AHH,
AHL,Financials
AHT,
AI,Financials
AIC,
AIF,
AIG,Financials
AIN,Industrials
AIR,Industrials
AIT,Industrials
AIV,
AIW,
AIY,
AIZ,Financials
AJG,Financials
AJX,
AKG,Materials
AKP,
AKR,
AKS,Materials
AL,Industrials
ALB,Materials
ALE,Utilities
ALG,Industrials
ALK,Industrials
ALL,Financials
ALN,Consumer Staples
ALO,Materials
ALT,Health Care
ALV,Consumer Discretionary
ALX,
AM,Energy
AMC,Consumer Discretionary
AMD,Information Technology
AME,Industrials
AMG,Financials
AMH,
AMN,Health Care
AMP,Financials
AMR,Energy
AMS,Health Care
AMT,
AMX,Telecommunication Services
AN,Consumer Discretionary
ANF,Consumer Discretionary
ANH,
ANW,Energy
ANY,Information Technology
AOD,
AOI,Consumer Staples
AON,Financials
AOS,Industrials
AP,Materials
APA,Energy
APB,
APC,Energy
APD,Materials
APF,
APH,Information Technology
APO,Financials
APT,Industrials
APU,Utilities
APY,
AQ,Information Technology
AQB,Health Care
AQN,Utilities
AR,Energy
ARA,Health Care
ARC,Industrials
ARD,Materials
ARE,
ARI,
ARL,
ARR,
ARW,Information Technology
ASA,
ASB,Financials
ASC,Energy
ASG,
ASH,Materials
ASM,Materials
ASR,Industrials
AST,Health Care
ASV,Industrials
ASX,Information Technology
AT,Utilities
ATH,Financials
ATI,Materials
ATO,Utilities
ATR,Materials
ATU,Industrials
ATV,
AU,Materials
AUG,Materials
AUO,Information Technology
AUY,Materials
AVA,Utilities
AVB,
AVD,Materials
AVH,Industrials
AVK,
AVP,Consumer Staples
AVT,Information Technology
AVX,Information Technology
AVY,Materials
AWF,
AWI,Industrials
AWK,Utilities
AWP,
AWR,Utilities
AWX,Industrials
AXE,Information Technology
AXL,Consumer Discretionary
AXP,Financials
AXR,Industrials
AXS,Financials
AXU,Materials
AY,Utilities
AYI,Industrials
AYR,Industrials
AYX,Information Technology
AZN,Health Care
AZO,Consumer Discretionary
AZZ,Industrials
B,Industrials
BA,Industrials
BAC,Financials
BAF,
BAH,Information Technology
BAK,Materials
BAM,Financials
BAP,Financials
BAS,Energy
BAX,Health Care
BB,Information Technology
BBD,
BBF,
BBK,
BBL,Materials
BBN,
BBT,Financials
BBU,Industrials
BBW,Consumer Discretionary
BBX,Consumer Discretionary
BBY,Consumer Discretionary
BC,Consumer Discretionary
BCC,Materials
BCE,Telecommunication Services
BCH,Financials
BCO,Industrials
BCS,Financials
BCV,
BCX,
BDC,Information Technology
BDJ,
BDL,Consumer Discretionary
BDN,
BDR,Information Technology
BDX,Health Care
BEL,Consumer Discretionary
BEN,Financials
BEP,Utilities
BFK,
BFO,
BFR,Financials
BFS,
BFY,
BFZ,
BG,Consumer Staples
BGB,
BGC,Industrials
BGG,Industrials
BGH,
BGI,Consumer Discretionary
BGR,
BGS,Consumer Staples
BGT,
BGX,
BGY,
BH,Consumer Discretionary
BHB,Financials
BHE,Information Technology
BHF,Financials
BHK,
BHP,Materials
BHR,
BHV,
BID,Consumer Discretionary
BIF,
BIG,Consumer Discretionary
BIO,Health Care
BIP,Utilities
BIT,
BJZ,
BK,Financials
BKD,Health Care
BKE,Consumer Discretionary
BKH,Utilities
BKI,Information Technology
BKJ,Financials
BKK,
BKN,
BKS,Consumer Discretionary
BKT,
BKU,Financials
BL,Information Technology
BLD,Consumer Discretionary
BLE,
BLH,
BLJ,
BLK,Financials
BLL,Materials
BLW,
BLX,Financials
BMA,Financials
BME,
BMI,Information Technology
BMO,Financials
BMS,Materials
BMY,Health Care
BNJ,
BNS,Financials
BNY,
BOE,
BOH,Financials
BOX,Information Technology
BP,Energy
BPI,Consumer Discretionary
BPK,
BPL,Energy
BPT,Energy
BPY,
BQH,
BR,Information Technology
BRC,Industrials
BRG,
BRN,Energy
BRO,Financials
BRS,Energy
BRT,
BRX,
BSA,
BSD,
BSE,
BSL,
BSM,Energy
BST,
BSX,Health Care
BT,Telecommunication Services
BTA,
BTE,Energy
BTG,Materials
BTI,Consumer Staples
BTN,Consumer Discretionary
BTO,
BTT,
BTU,Energy
BTX,Health Care
BTZ,
BUD,Consumer Staples
BUI,
BVN,Materials
BVX,Health Care
BW,Industrials
BWA,Consumer Discretionary
BWB,Financials
BWG,
BWP,Energy
BX,Financials
BXC,Industrials
BXE,Energy
BXG,Consumer Discretionary
BXP,
BXS,Financials
BY,Financials
BYD,Consumer Discretionary
BYM,
BZH,Consumer Discretionary
BZM,
C,Financials
CA,Information Technology
CAC,Financials
CAE,Industrials
CAF,
CAG,Consumer Staples
CAH,Health Care
CAI,Industrials
CAJ,Information Technology
CAL,Consumer Discretionary
CAR,Industrials
CAT,Industrials
CAW,Consumer Staples
CB,Financials
CBA,
CBB,Telecommunication Services
CBD,Consumer Staples
CBH,
CBI,Industrials
CBK,Consumer Discretionary
CBL,
CBM,Health Care
CBO,
CBS,Consumer Discretionary
CBT,Materials
CBU,Financials
CBX,
CBZ,Industrials
CC,Materials
CCA,
CCD,
CCE,Consumer Staples
CCF,Materials
CCI,
CCJ,Energy
CCK,Materials
CCL,Consumer Discretionary
CCM,Health Care
CCO,Consumer Discretionary
CCR,Energy
CCS,Consumer Discretionary
CCT,Financials
CCU,Consumer Staples
CDE,Materials
CDK,Information Technology
CDR,
CDW,Information Technology
CE,Materials
CEA,Industrials
CEE,
CEF,
CEI,Energy
CEL,Telecommunication Services
CEM,
CEN,
CEO,Energy
CET,
CEV,
CF,Materials
CFG,Financials
CFR,Financials
CFX,Industrials
CG,Financials
CGA,Materials
CGG,Energy
CGO,
CHA,Telecommunication Services
CHD,Consumer Staples
CHE,Health Care
CHH,Consumer Discretionary
CHI,
CHK,Energy
CHL,Telecommunication Services
CHN,
CHS,Consumer Discretionary
CHT,Telecommunication Services
CHU,Telecommunication Services
CHW,
CHY,
CI,Health Care
CIA,Financials
CIB,Financials
CIC,
CIF,
CIG,
CII,
CIK,
CIM,
CIO,
CIR,Industrials
CIT,Financials
CIX,Industrials
CJ,Energy
CKH,Energy
CKX,
CL,Consumer Staples
CLB,Energy
CLD,Energy
CLF,Materials
CLH,Industrials
CLI,
CLM,
CLR,Energy
CLS,Information Technology
CLW,Materials
CLX,Consumer Staples
CM,Financials
CMA,Financials
CMC,Materials
CMD,Health Care
CME,
CMG,Consumer Discretionary
CMI,Industrials
CMO,
CMP,Materials
CMS,Utilities
CMT,Materials
CMU,
CNA,Financials
CNC,Health Care
CNI,Industrials
CNK,Consumer Discretionary
CNO,Financials
CNP,Utilities
CNQ,Energy
CNS,Financials
CNX,Energy
CO,Health Care
COE,Consumer Discretionary
COF,Financials
COG,Energy
COL,Industrials
COO,Health Care
COP,Energy
COR,
COT,Consumer Staples
CP,Industrials
CPA,Industrials
CPB,Consumer Staples
CPE,Energy
CPF,Financials
CPG,Energy
CPK,Utilities
CPL,Utilities
CPS,Consumer Discretionary
CPT,
CQH,Energy
CQP,Energy
CR,Industrials
CRC,Energy
CRF,
CRH,Materials
CRI,Consumer Discretionary
CRK,Energy
CRL,Health Care
CRM,Information Technology
CRR,Energy
CRS,Materials
CRT,Energy
CRY,Health Care
CS,Financials
CSL,Industrials
CSQ,
CSS,Consumer Discretionary
CSU,Health Care
CSV,Consumer Discretionary
CSX,Industrials
CTB,Consumer Discretionary
CTG,Information Technology
CTL,Telecommunication Services
CTO,
CTR,
CTS,Information Technology
CTT,
CTU,
CTV,
CTW,Telecommunication Services
CTX,
CTY,
CTZ,
CUB,Industrials
CUE,Health Care
CUI,Information Technology
CUK,Consumer Discretionary
CUO,Industrials
CUR,Health Care
CUZ,
CVA,Industrials
CVE,Energy
CVG,Information Technology
CVI,Energy
CVM,Health Care
CVR,Industrials
CVS,Health Care
CVU,Industrials
CVV,Information Technology
CVX,Energy
CW,Industrials
CWH,Consumer Discretionary
CWT,Utilities
CX,Materials
CXE,
CXH,
CXO,Energy
CXP,
CXW,
CY,Information Technology
CYD,Industrials
CYH,Health Care
CYS,
CZR,Consumer Discretionary
CZZ,Energy
CpC,
CpJ,
CpK,
CpL,
CpN,
CpS,
D,Utilities
DAC,Industrials
DAL,Industrials
DAN,Consumer Discretionary
DAR,Consumer Staples
DB,Financials
DBD,Information Technology
DBL,
DBX,Information Technology
DCF,
DCI,Industrials
DCO,Industrials
DCP,Energy
DCT,
DDD,Information Technology
DDE,Consumer Discretionary
DDF,
DDR,
DDS,Consumer Discretionary
DDT,
DE,Industrials
DEA,
DEI,
DEO,Consumer Staples
DEX,
DF,Consumer Staples
DFP,
DFS,Financials
DG,Consumer Discretionary
DGX,Health Care
DHF,
DHI,Consumer Discretionary
DHR,Health Care
DHT,Energy
DHX,Information Technology
DHY,
DIN,Consumer Discretionary
DIS,Consumer Discretionary
DIT,Consumer Discretionary
DK,Energy
DKL,Energy
DKS,Consumer Discretionary
DKT,
DL,Consumer Discretionary
DLA,Consumer Discretionary
DLB,Information Technology
DLR,
DLX,Industrials
DM,Energy
DMB,
DMF,
DMO,
DNB,Industrials
DNI,
DNN,Energy
DNP,
DNR,Energy
DO,Energy
DOC,
DOV,Industrials
DOX,Information Technology
DPG,
DPS,Consumer Staples
DPW,Industrials
DPZ,Consumer Discretionary
DQ,Information Technology
DRD,Materials
DRE,
DRH,
DRI,Consumer Discretionary
DRQ,Energy
DS,Consumer Discretionary
DSE,
DSL,
DSM,
DSS,Information Technology
DSU,
DSW,Consumer Discretionary
DSX,Industrials
DTE,Utilities
DTF,
DTJ,
DTQ,
DTV,Utilities
DTW,
DTY,
DUC,
DUK,Utilities
DVA,Health Care
DVD,Consumer Discretionary
DVN,Energy
DX,
DXB,
DXC,Information Technology
DXF,Financials
DXR,Health Care
DY,Industrials
E,Energy
EA,Information Technology
EAB,
EAD,
EAE,
EAF,Industrials
EAI,
EAT,Consumer Discretionary
EBF,Industrials
EBR,Utilities
EBS,Health Care
EC,Energy
ECA,Energy
ECC,
ECF,
ECL,Materials
ECR,Energy
ECT,Energy
ED,Utilities
EDD,
EDF,
EDI,
EDN,Utilities
EDR,
EDU,Consumer Discretionary
EE,Utilities
EEA,
EEI,Industrials
EEP,Energy
EEQ,Energy
EEX,Consumer Discretionary
EFC,Financials
EFF,
EFL,
EFR,
EFS,
EFT,
EFX,Industrials
EGC,Energy
EGF,
EGI,Materials
EGL,Industrials
EGN,Energy
EGO,Materials
EGP,
EGY,Energy
EHC,Health Care
EHI,
EHT,
EIA,
EIG,Financials
EIM,
EIO,
EIP,
EIV,
EIX,Utilities
EL,Consumer Staples
ELC,
ELF,Consumer Staples
ELJ,
ELP,
ELS,
ELU,
ELY,Consumer Discretionary
EMD,
EME,Industrials
EMF,
EMI,
EMJ,
EML,Industrials
EMN,Materials
EMO,
EMP,
EMR,Industrials
EMS,
EMX,Materials
ENB,Energy
ENG,Energy
ENJ,
ENO,
ENR,Consumer Staples
ENS,Industrials
ENT,Consumer Discretionary
ENV,Information Technology
ENX,
ENZ,Health Care
EOD,
EOG,Energy
EOI,
EOS,
EOT,
EPC,Consumer Staples
EPD,Energy
EPE,Energy
EPM,Energy
EPR,
EQC,
EQM,Energy
EQR,
EQS,Financials
EQT,Energy
ERA,Energy
ERC,
ERF,Energy
ERH,
ERI,Consumer Discretionary
ERJ,Industrials
ES,Utilities
ESE,Industrials
ESL,Industrials
ESP,Industrials
ESQ,Financials
ESS,
ESV,Energy
ETB,
ETE,Energy
ETG,
ETH,Consumer Discretionary
ETI,
ETJ,
ETM,Consumer Discretionary
ETN,Industrials
ETO,
ETP,Energy
ETR,Utilities
ETV,
ETW,
ETX,
ETY,
EV,Financials
EVA,Energy
EVC,Consumer Discretionary
EVF,
EVG,
EVH,Health Care
EVI,Industrials
EVJ,
EVK,Consumer Discretionary
EVM,
EVN,
EVO,
EVP,
EVR,Financials
EVT,
EVV,
EVY,
EW,Health Care
EXC,Utilities
EXD,
EXG,
EXK,Materials
EXP,Materials
EXR,
EYE,Consumer Discretionary
EYW,
EZT,
F,Consumer Discretionary
FAF,Financials
FAM,
FAT,Consumer Discretionary
FAX,
FB,Information Technology
FBC,Financials
FBK,Financials
FBM,Industrials
FBP,Financials
FBR,Materials
FC,Industrials
FCB,Financials
FCF,Financials
FCN,Industrials
FCO,
FCT,
FCX,
FDC,Information Technology
FDP,Consumer Staples
FDS,
FDX,Industrials
FE,Utilities
FEI,
FEN,
FEO,
FET,Energy
FF,Materials
FFA,
FFC,
FFG,Financials
FG,Financials
FGB,
FGP,Utilities
FHB,Financials
FHN,Financials
FHY,
FI,Energy
FIF,
FII,Financials
FIS,Information Technology
FIT,Information Technology
FIV,
FIX,Industrials
FL,Consumer Discretionary
FLC,
FLL,Consumer Discretionary
FLO,Consumer Staples
FLR,Industrials
FLS,Industrials
FLT,Information Technology
FLY,Industrials
FMC,Materials
FMI,Health Care
FMN,
FMO,
FMS,Health Care
FMX,Consumer Staples
FMY,
FN,Information Technology
FNB,Financials
FND,Consumer Discretionary
FNF,Financials
FNV,Materials
FOE,Materials
FOF,
FOR,
FOX,Consumer Discretionary
FPF,
FPH,
FPI,
FPL,
FR,
FRA,
FRC,Financials
FRD,Materials
FRO,Energy
FRT,
FSB,Financials
FSD,
FSI,Materials
FSM,Materials
FSP,
FSS,Industrials
FSV,
FT,
FTD,
FTF,
FTI,Energy
FTK,Materials
FTR,Telecommunication Services
FTS,Utilities
FTV,Industrials
FUL,Materials
FUN,Consumer Discretionary
FUV,Consumer Discretionary
FVE,Health Care
FWP,Health Care
G,Information Technology
GAB,
GAM,
GBL,Financials
GBR,Energy
GBT,Health Care
GBX,Industrials
GCI,Consumer Discretionary
GCO,Consumer Discretionary
GCP,Materials
GCV,
GD,Industrials
GDI,Industrials
GDL,
GDO,
GDP,Energy
GDS,Information Technology
GDV,
GE,Industrials
GEC,Financials
GEF,Materials
GEL,Energy
GEN,Health Care
GEO,
GER,
GES,Consumer Discretionary
GF,
GFA,Consumer Discretionary
GFF,Industrials
GFI,Materials
GFN,Industrials
GFY,
GG,Materials
GGB,Materials
GGG,Industrials
GGM,
GGN,
GGO,
GGP,
GGT,
GGZ,
GHC,Consumer Discretionary
GHG,Consumer Discretionary
GHL,Financials
GHM,Industrials
GHY,
GIB,Information Technology
GIL,Consumer Discretionary
GIM,
GIS,Consumer Staples
GJH,
GJO,
GJP,
GJS,
GJT,
GJV,
GLF,Energy
GLO,
GLP,Energy
GLQ,
GLT,Materials
GLU,
GLV,
GLW,Information Technology
GM,Consumer Discretionary
GME,Consumer Discretionary
GMO,Materials
GMS,Industrials
GMZ,
GNC,Consumer Discretionary
GNE,Utilities
GNK,Industrials
GNL,
GNT,
GNW,Financials
GOF,
GOL,Industrials
GOV,
GPC,Consumer Discretionary
GPI,Consumer Discretionary
GPK,Materials
GPL,Materials
GPM,
GPN,Information Technology
GPP,Energy
GPS,Consumer Discretionary
GPT,
GPX,Industrials
GRA,Materials
GRC,Industrials
GRF,
GRX,
GS,Financials
GSB,Information Technology
GSH,Industrials
GSK,Health Care
GSL,Industrials
GSM,Materials
GSS,Materials
GST,Energy
GSV,Materials
GT,Consumer Discretionary
GTE,Energy
GTN,Consumer Discretionary
GTS,Health Care
GTT,Information Technology
GTY,
GUT,
GV,Industrials
GVA,Industrials
GVP,Information Technology
GWB,Financials
GWR,Industrials
GWW,Industrials
GXP,Utilities
GYB,
GYC,
GZT,
H,Consumer Discretionary
HA,Industrials
HAE,Health Care
HAL,Energy
HAS,Consumer Discretionary
HBB,Consumer Discretionary
HBI,Consumer Discretionary
HBK,Financials
HBM,Materials
HBP,Industrials
HCA,Health Care
HCC,Materials
HCI,Financials
HCM,Health Care
HCP,
HD,Consumer Discretionary
HDB,Financials
HDP,Information Technology
HDS,Industrials
HE,Utilities
HEB,Health Care
HEI,Industrials
HEP,Energy
HEQ,
HES,Energy
HF,
HFC,Energy
HGH,
HGT,Energy
HGV,Consumer Discretionary
HHC,
HHS,Consumer Discretionary
HI,Industrials
HIE,
HIG,Financials
HII,Industrials
HIL,Industrials
HIO,
HIW,
HIX,
HJV,
HK,Energy
HL,Materials
HLF,Consumer Staples
HLG,Consumer Discretionary
HLI,Financials
HLT,Consumer Discretionary
HLX,Energy
HMC,Consumer Discretionary
HMG,
HMI,Information Technology
HMN,Financials
HMY,Materials
HNI,Industrials
HNP,Utilities
HNW,
HOG,Consumer Discretionary
HON,Industrials
HOS,Energy
HOV,Consumer Discretionary
HP,Energy
HPE,Information Technology
HPF,
HPI,
HPJ,Industrials
HPP,
HPQ,Information Technology
HPR,Energy
HPS,
HPT,
HQH,
HQL,
HQY,Health Care
HR,
HRB,Consumer Discretionary
HRC,Health Care
HRG,Consumer Staples
HRI,Industrials
HRL,Consumer Staples
HRS,Industrials
HSC,Industrials
HST,
HSY,Consumer Staples
HT,
HTA,
HTD,
HTH,Financials
HTY,
HTZ,Industrials
HUD,Consumer Discretionary
HUM,Health Care
HUN,Materials
HVT,Consumer Discretionary
HX,Financials
HXL,Industrials
HY,Industrials
HYB,
HYH,Health Care
HYI,
HYT,
HZN,Consumer Discretionary
HZO,Consumer Discretionary
I,Telecommunication Services
IAC,Information Technology
IAE,
IAF,
IAG,Materials
IAM,
IBA,Consumer Staples
IBM,Information Technology
IBN,Financials
IBP,Consumer Discretionary
ICB,
ICD,Energy
ICE,
ICL,Materials
IDA,Utilities
IDE,
IDN,Information Technology
IDT,Telecommunication Services
IEA,Industrials
IEC,Information Technology
IEP,Industrials
IEX,Industrials
IFF,Materials
IFN,
IGA,
IGC,Health Care
IGD,
IGI,
IGR,
IGT,Consumer Discretionary
IHC,Financials
IHD,
IHG,Consumer Discretionary
IID,
IIF,
III,Information Technology
IIM,
IIN,Health Care
ILG,Consumer Discretionary
IMH,Financials
IMI,Information Technology
IMO,Energy
INB,
INF,
ING,Financials
INN,
INO,Health Care
INS,Information Technology
INT,Energy
IO,Energy
IOR,
IP,Materials
IPB,
IPG,Consumer Discretionary
IPI,Materials
IQ,Information Technology
IQI,
IQV,Health Care
IR,Industrials
IRL,
IRM,
IRR,
IRS,
IRT,
ISD,
ISF,
ISG,Financials
ISR,Health Care
IT,Information Technology
ITG,Financials
ITI,Information Technology
ITT,Industrials
ITW,Industrials
IVC,Health Care
IVH,
IVR,
IVZ,Financials
IX,Financials
JAG,Energy
JAX,Consumer Discretionary
JBK,
JBL,Information Technology
JBN,
JBR,
JBT,Industrials
JCE,
JCI,Industrials
JCO,
JCP,Consumer Discretionary
JCS,Information Technology
JD,
JDD,
JE,Utilities
JEC,Industrials
JEQ,
JFR,
JGH,
JHA,
JHB,
JHD,
JHG,Financials
JHI,
JHS,
JHX,Materials
JHY,
JKS,Information Technology
JLL,
JLS,
JMF,
JMM,
JMP,Financials
JMT,
JMU,Information Technology
JNJ,Health Care
JNP,Health Care
JOB,Industrials
JOE,
JOF,
JP,Financials
JPC,
JPI,
JPM,Financials
JPS,
JPT,
JQC,
JRI,
JRO,
JRS,
JSD,
JSM,
JT,Financials
JTA,
JTD,
JVA,Consumer Staples
JWN,Consumer Discretionary
K,Consumer Staples
KAI,Industrials
KAP,
KAR,Industrials
KB,Financials
KBH,Consumer Discretionary
KBR,Industrials
KE,Information Technology
KED,Financials
KEG,Energy
KEM,Information Technology
KEN,Utilities
KEP,Utilities
KEX,Industrials
KEY,Financials
KF,
KFS,Financials
KFY,Industrials
KGC,Materials
KHC,Consumer Staples
KIM,
KIN,Health Care
KIO,
KIQ,Industrials
KKR,Financials
KL,Materials
KMB,Consumer Staples
KMF,
KMG,Materials
KMI,Energy
KMM,
KMT,Industrials
KMX,Consumer Discretionary
KN,Information Technology
KND,Health Care
KNL,Industrials
KNX,Industrials
KO,Consumer Staples
KOF,Consumer Staples
KOP,Materials
KOS,Energy
KR,Consumer Staples
KRA,Materials
KRC,
KRG,
KRO,Materials
KRP,Energy
KS,Materials
KSM,
KSS,Consumer Discretionary
KST,
KSU,Industrials
KT,Telecommunication Services
KTF,
KTH,
KTN,
KTP,
KW,
KWR,Materials
KYE,
KYN,
KYO,Information Technology
L,Financials
LAC,Materials
LAD,Consumer Discretionary
LAZ,Financials
LB,Consumer Discretionary
LBC,Financials
LBY,Consumer Discretionary
LC,Financials
LCA,
LCI,Health Care
LCM,
LDF,
LDL,Industrials
LDP,
LE,
LEA,Consumer Discretionary
LEE,Consumer Discretionary
LEG,Consumer Discretionary
LEN,Consumer Discretionary
LEO,
LEU,Energy
LFC,Financials
LGC,
LGI,
LGL,Information Technology
LH,Health Care
LHO,
LII,Industrials
LKM,Information Technology
LKQ,Consumer Discretionary
LL,Consumer Discretionary
LLL,Industrials
LLY,Health Care
LM,Financials
LMB,Industrials
LMT,Industrials
LN,Information Technology
LNC,Financials
LND,Consumer Staples
LNG,Energy
LNN,Industrials
LNT,Utilities
LOB,Financials
LOR,
LOV,Information Technology
LOW,Consumer Discretionary
LPG,Energy
LPI,Energy
LPL,Information Technology
LPT,
LPX,Materials
LQ,Consumer Discretionary
LRN,Consumer Discretionary
LSI,
LTC,
LTM,Industrials
LTN,
LTS,Financials
LUB,Consumer Discretionary
LUK,Financials
LUV,Industrials
LVS,Consumer Discretionary
LW,Consumer Staples
LX,Financials
LXP,
LXU,Materials
LYB,Materials
LYG,Financials
LYL,
LYV,Consumer Discretionary
LZB,Consumer Discretionary
M,Consumer Discretionary
MA,Information Technology
MAA,
MAB,
MAC,
MAG,Materials
MAN,Industrials
MAR,Consumer Discretionary
MAS,Industrials
MAT,Consumer Discretionary
MAV,
MB,Information Technology
MBI,Financials
MBT,Telecommunication Services
MC,Financials
MCA,
MCB,Financials
MCC,Financials
MCD,Consumer Discretionary
MCF,Energy
MCI,
MCK,Health Care
MCN,
MCO,
MCR,
MCS,Consumer Discretionary
MCV,
MCX,
MCY,Financials
MD,Health Care
MDB,Information Technology
MDC,Consumer Discretionary
MDP,Consumer Discretionary
MDR,Energy
MDT,Health Care
MDU,Utilities
MED,Consumer Staples
MEI,Information Technology
MEN,
MET,Financials
MFA,
MFC,Financials
MFD,
MFG,Financials
MFL,
MFM,
MFO,
MFT,
MFV,
MG,Industrials
MGA,Consumer Discretionary
MGF,
MGI,Information Technology
MGM,Consumer Discretionary
MGP,
MGU,
MHD,
MHE,
MHF,
MHH,Industrials
MHI,
MHK,Consumer Discretionary
MHN,
MHO,Consumer Discretionary
MIC,Industrials
MIE,
MIK,Consumer Discretionary
MIN,
MIW,
MIY,
MKC,Consumer Staples
MKL,Financials
MLI,Industrials
MLM,Materials
MLP,
MLR,Industrials
MMC,Financials
MMD,
MMI,
MMM,Industrials
MMP,Energy
MMS,Information Technology
MMT,
MMU,
MMV,
MN,Financials
MNE,
MNI,Consumer Discretionary
MNK,Health Care
MNP,
MNR,
MO,Consumer Staples
MOC,Industrials
MOD,Consumer Discretionary
MOH,Health Care
MON,Materials
MOR,Health Care
MOS,Materials
MOV,Consumer Discretionary
MPA,
MPB,Financials
MPC,Energy
MPO,Energy
MPV,
MPW,
MPX,Consumer Discretionary
MQT,
MQY,
MRC,Industrials
MRK,Health Care
MRO,Energy
MRT,
MS,Financials
MSA,Industrials
MSB,Materials
MSD,
MSF,
MSG,Consumer Discretionary
MSI,Information Technology
MSL,Financials
MSM,Industrials
MSN,Consumer Discretionary
MSP,
MT,Materials
MTB,Financials
MTD,Health Care
MTG,Financials
MTH,Consumer Discretionary
MTL,Materials
MTN,Consumer Discretionary
MTP,Health Care
MTR,Energy
MTT,
MTW,Industrials
MTX,Materials
MTZ,Industrials
MU,Information Technology
MUA,
MUC,
MUE,
MUH,
MUI,
MUJ,
MUR,Energy
MUS,
MUX,Materials
MVC,Financials
MVF,
MVO,Energy
MVT,
MWA,Industrials
MX,Information Technology
MXC,Energy
MXE,
MXF,
MXL,Information Technology
MXS,
MYC,
MYD,
MYE,Materials
MYF,
MYI,
MYJ,
MYL,Health Care
MYN,
MYO,Health Care
MZA,
MZF,
NAC,
NAD,
NAK,Materials
NAN,
NAO,Energy
NAP,Energy
NAT,Energy
NAV,Industrials
NAZ,
NBB,
NBD,
NBH,
NBL,Energy
NBN,Financials
NBO,
NBR,Energy
NBW,
NBY,Health Care
NC,Energy
NCA,
NCB,
NCI,Industrials
NCR,Information Technology
NCS,Industrials
NCV,
NCZ,
NDP,
NE,Energy
NEA,
NEE,Utilities
NEM,Materials
NEN,
NEO,Health Care
NEP,Utilities
NES,Energy
NEU,Materials
NEV,
NFG,Utilities
NFJ,
NFX,Energy
NG,Materials
NGD,Materials
NGG,Utilities
NGL,Energy
NGS,Energy
NH,Health Care
NHA,
NHC,Health Care
NHF,
NHI,
NHS,
NI,Utilities
NID,
NIE,
NIM,
NIQ,
NJR,Utilities
NJV,
NK,Health Care
NKE,Consumer Discretionary
NKG,
NKX,
NL,Industrials
NLS,Consumer Discretionary
NLY,
NM,Industrials
NMI,
NML,
NMM,Industrials
NMR,Financials
NMS,
NMT,
NMY,
NMZ,
NNA,Energy
NNC,
NNI,Financials
NNN,
NNY,
NOA,Energy
NOC,Industrials
NOG,Energy
NOK,Information Technology
NOM,
NOV,Energy
NOW,Information Technology
NP,Materials
NPK,Industrials
NPN,
NPO,Industrials
NPV,
NQP,
NR,Energy
NRC,Health Care
NRE,
NRG,Utilities
NRK,
NRO,
NRP,Energy
NRT,Energy
NRZ,
NS,Energy
NSA,
NSC,Industrials
NSH,Energy
NSL,
NSM,Financials
NSP,Industrials
NSS,
NSU,
NTB,Financials
NTC,
NTG,
NTN,Consumer Discretionary
NTP,
NTR,Materials
NTX,
NTZ,Consumer Discretionary
NUE,Materials
NUM,
NUO,
NUS,Consumer Staples
NUV,
NUW,
NVG,
NVO,Health Care
NVR,Consumer Discretionary
NVS,Health Care
NVT,
NWE,Utilities
NWL,Consumer Discretionary
NWN,Utilities
NWS,Consumer Discretionary
NWY,Consumer Discretionary
NX,Industrials
NXC,
NXE,Energy
NXJ,
NXN,
NXP,
NXQ,
NXR,
NYH,
NYT,Consumer Discretionary
NYV,
NZF,
O,
OA,Industrials
OAK,Financials
OAS,Energy
OBE,Energy
OC,Industrials
OCC,Information Technology
OCN,Financials
OCX,Health Care
ODC,Consumer Staples
ODP,Consumer Discretionary
ODT,Health Care
OEC,Materials
OFC,
OFG,Financials
OFS,Financials
OGE,Utilities
OGS,Utilities
OHI,
OI,Materials
OIA,
OII,Energy
OIS,Energy
OKE,Energy
OLN,Materials
OLP,
OMC,Consumer Discretionary
OMF,Financials
OMI,Health Care
OMN,Materials
OMP,Energy
ON,Information Technology
ONB,Financials
ONE,Consumer Discretionary
ONP,Materials
ONS,Health Care
OPB,Financials
OPK,Health Care
OPP,
OPY,Financials
OR,Materials
ORA,Utilities
ORC,
ORI,Financials
ORM,
ORN,Industrials
OSB,Materials
OSG,Energy
OSK,Industrials
OSN,Materials
OSS,Information Technology
OUT,
OXM,Consumer Discretionary
OXY,Energy
OZM,Financials
P,Information Technology
PAA,Energy
PAC,Industrials
PAG,Consumer Discretionary
PAH,Materials
PAI,
PAM,Utilities
PAR,Information Technology
PAY,Information Technology
PB,Financials
PBA,Energy
PBB,
PBF,Energy
PBH,Health Care
PBI,Industrials
PBR,Energy
PBT,Energy
PCF,
PCG,Utilities
PCH,
PCI,
PCK,
PCM,
PCN,
PCQ,
PDI,
PDM,
PDS,Energy
PDT,
PE,Energy
PEB,
PED,Energy
PEG,Utilities
PEI,
PEN,Health Care
PEO,
PEP,Consumer Staples
PER,Energy
PES,Energy
PF,Consumer Staples
PFD,
PFE,Health Care
PFG,Financials
PFH,
PFL,
PFN,
PFO,
PFS,Financials
PG,Consumer Staples
PGC,Financials
PGH,Energy
PGP,
PGR,Financials
PGZ,
PH,Industrials
PHD,
PHG,Health Care
PHH,Financials
PHI,Telecommunication Services
PHK,
PHM,Consumer Discretionary
PHT,
PHX,Energy
PI,Information Technology
PIH,Financials
PII,Consumer Discretionary
PIM,
PIR,Consumer Discretionary
PIY,
PJC,Financials
PJH,
PJT,Financials
PK,
PKD,Energy
PKE,Information Technology
PKG,Materials
PKI,Health Care
PKO,
PKX,Materials
PLD,
PLG,Materials
PLM,Materials
PLT,Information Technology
PLX,Health Care
PM,Consumer Staples
PMD,Health Care
PME,Consumer Staples
PMF,
PML,
PMM,
PMO,
PMT,
PMX,
PNC,Financials
PNF,
PNI,
PNK,Consumer Discretionary
PNM,Utilities
PNR,Industrials
PNW,Utilities
POL,Materials
POR,Utilities
PPC,Consumer Staples
PPG,Materials
PPL,Utilities
PPR,
PPT,
PPX,
PQ,Energy
PQG,Materials
PRA,Financials
PRH,
PRI,Financials
PRK,Financials
PRO,Information Technology
PRT,
PRU,Financials
PSA,
PSB,
PSE,Energy
PSF,
PSO,Consumer Discretionary
PSX,Energy
PTC,Information Technology
PTI,Health Care
PTN,Health Care
PTR,Energy
PTX,Health Care
PTY,
PUB,Financials
PUK,Financials
PVG,Materials
PVH,Consumer Discretionary
PW,
PWR,Industrials
PX,Materials
PXD,Energy
PXS,Industrials
PYN,
PYS,
PYT,
PZC,
PZE,Energy
PZG,Materials
PZN,Financials
QCP,
QD,Financials
QEP,Energy
QES,Energy
QHC,Health Care
QSR,Consumer Discretionary
QTM,Information Technology
QTS,
R,Industrials
RA,
RAD,Consumer Staples
RAS,
RBA,Industrials
RBB,Financials
RBC,Industrials
RBS,Financials
RCG,
RCI,Telecommunication Services
RCL,Consumer Discretionary
RCM,Health Care
RCS,
RDC,Energy
RDI,Consumer Discretionary
RDN,Financials
RDY,Health Care
RE,Financials
REG,
REI,Energy
REN,Energy
RES,Energy
REV,Consumer Staples
REX,Energy
RF,Financials
RFI,
RFL,
RFP,Materials
RFT,
RGA,Financials
RGR,Consumer Discretionary
RGS,Consumer Discretionary
RGT,
RH,Consumer Discretionary
RHE,Health Care
RHI,Industrials
RHP,
RHT,Information Technology
RIF,
RIG,Energy
RIO,Materials
RIV,
RJF,Financials
RL,Consumer Discretionary
RLH,Consumer Discretionary
RLI,Financials
RLJ,
RM,Financials
RMD,Health Care
RMP,Energy
RMR,
RMT,
RNG,Information Technology
RNN,Health Care
RNP,
RNR,Financials
ROG,Information Technology
ROK,Industrials
ROL,Industrials
ROP,Industrials
ROX,Consumer Staples
RP,Information Technology
RPD,Information Technology
RPM,Materials
RPT,
RQI,
RRC,Energy
RRD,Industrials
RRR,Consumer Discretionary
RS,Materials
RSG,Industrials
RSO,
RST,Information Technology
RTN,Industrials
RUN,Industrials
RVP,Health Care
RVT,
RWC,Information Technology
RWT,
RXN,Industrials
RY,Financials
RYB,Consumer Discretionary
RYI,Materials
RYN,
RZA,
RZB,
S,Telecommunication Services
SA,Materials
SAB,
SAH,Consumer Discretionary
SAL,Financials
SAM,Consumer Staples
SAN,Financials
SAP,Information Technology
SAR,Financials
SB,Industrials
SBH,Consumer Discretionary
SBI,
SBR,Energy
SBS,Utilities
SBT,Financials
SC,Financials
SCA,
SCD,
SCG,Utilities
SCI,Consumer Discretionary
SCL,Materials
SCM,Financials
SCS,Industrials
SCX,Industrials
SD,Energy
SDI,Consumer Staples
SDR,Energy
SDT,Energy
SE,Information Technology
SEB,Consumer Staples
SEE,Materials
SEM,Health Care
SEP,Energy
SES,Energy
SF,Financials
SFB,
SFE,Financials
SFL,Energy
SFM,Consumer Staples
SFS,Consumer Staples
SGA,Consumer Discretionary
SGB,Financials
SGC,Consumer Discretionary
SGH,Information Technology
SGU,Utilities
SGY,Energy
SHG,Financials
SHI,Materials
SHO,
SHW,Materials
SID,Materials
SIF,Industrials
SIG,Consumer Discretionary
SIM,Materials
SIR,
SIX,Consumer Discretionary
SJI,Utilities
SJM,Consumer Staples
SJR,Consumer Discretionary
SJT,Energy
SJW,Utilities
SKM,Telecommunication Services
SKT,
SKX,Consumer Discretionary
SKY,Consumer Discretionary
SLB,Energy
SLD,
SLF,Financials
SLG,
SLM,Financials
SLP,Health Care
SLS,Health Care
SM,Energy
SMG,Materials
SMI,Information Technology
SMM,
SMP,Consumer Discretionary
SN,Energy
SNA,Industrials
SND,Energy
SNE,Consumer Discretionary
SNH,
SNN,Health Care
SNP,Energy
SNR,
SNV,Financials
SNX,Information Technology
SNY,Health Care
SO,Utilities
SOI,Energy
SOL,Information Technology
SON,Materials
SOR,
SP,Industrials
SPA,Industrials
SPB,Consumer Staples
SPE,
SPG,
SPH,Utilities
SPI,Information Technology
SPN,Energy
SPR,Industrials
SQ,Information Technology
SQM,Materials
SR,Utilities
SRC,
SRE,Utilities
SRF,
SRG,
SRI,Consumer Discretionary
SRT,Information Technology
SRV,
SSB,Financials
SSC,Information Technology
SSD,Industrials
SSI,Consumer Discretionary
SSL,Materials
SSP,Consumer Discretionary
SSW,Industrials
SSY,Health Care
ST,Industrials
STC,Financials
STE,Health Care
STG,Consumer Discretionary
STI,Financials
STK,
STL,Financials
STM,Information Technology
STN,Industrials
STO,Energy
STT,Financials
STX,Information Technology
STZ,Consumer Staples
SU,Energy
SUI,
SUM,Materials
SUN,Energy
SUP,Consumer Discretionary
SVA,Health Care
SVM,Materials
SVT,Industrials
SVU,Consumer Staples
SWJ,
SWK,Industrials
SWM,Materials
SWN,Energy
SWP,
SWX,Utilities
SWZ,
SXC,Materials
SXE,Energy
SXI,Industrials
SXT,Materials
SYF,Financials
SYK,Health Care
SYN,Health Care
SYX,Information Technology
SYY,Consumer Staples
SZC,
T,Telecommunication Services
TA,Consumer Discretionary
TAC,Utilities
TAL,Consumer Discretionary
TAP,Consumer Staples
TAT,Energy
TAX,Consumer Discretionary
TBB,
TBI,Industrials
TBK,Financials
TCF,Financials
TCI,
TCO,
TCP,Energy
TCS,Consumer Discretionary
TCX,Information Technology
TD,Financials
TDA,
TDC,Information Technology
TDE,
TDF,
TDG,Industrials
TDI,
TDJ,
TDS,Telecommunication Services
TDW,Energy
TDY,Industrials
TEF,Telecommunication Services
TEI,
TEL,Information Technology
TEN,Consumer Discretionary
TEO,Telecommunication Services
TEP,Energy
TER,Information Technology
TEX,Industrials
TFX,Health Care
TG,Materials
TGA,Energy
TGB,
TGC,Energy
TGH,Industrials
TGI,Industrials
TGP,Energy
TGS,Energy
TGT,Consumer Discretionary
THC,Health Care
THG,Financials
THM,Materials
THO,Consumer Discretionary
THQ,
THR,Industrials
THS,Consumer Staples
THW,
TI,Telecommunication Services
TIF,Consumer Discretionary
TIG,Health Care
TIK,Industrials
TIS,Consumer Staples
TJX,Consumer Discretionary
TK,Energy
TKC,Telecommunication Services
TKR,Industrials
TLF,Consumer Discretionary
TLI,
TLK,Telecommunication Services
TLP,Energy
TM,Consumer Discretionary
TMK,Financials
TMO,Health Care
TMP,Financials
TMQ,Materials
TNC,Industrials
TNK,Energy
TNP,Energy
TOL,Consumer Discretionary
TOO,Energy
TOT,Energy
TPB,Consumer Staples
TPC,Industrials
TPH,Consumer Discretionary
TPL,Financials
TPR,Consumer Discretionary
TPX,Consumer Discretionary
TPZ,
TR,Consumer Staples
TRC,
TRI,
TRK,Consumer Discretionary
TRN,Industrials
TRP,Energy
TRQ,Materials
TRS,Industrials
TRT,Information Technology
TRU,Industrials
TRV,Financials
TRX,Materials
TS,Energy
TSC,Financials
TSE,Materials
TSG,Consumer Discretionary
TSI,
TSM,Information Technology
TSN,Consumer Staples
TSQ,Consumer Discretionary
TSS,Information Technology
TST,
TSU,Telecommunication Services
TTC,Industrials
TTD,Information Technology
TTI,Energy
TTM,Consumer Discretionary
TTP,
TTS,Consumer Discretionary
TU,Telecommunication Services
TUP,Consumer Discretionary
TV,Consumer Discretionary
TVC,Utilities
TVE,Utilities
TWI,Industrials
TWN,
TWO,
TWX,Consumer Discretionary
TX,Materials
TXN,Information Technology
TXT,Industrials
TY,
TYG,
TYL,Information Technology
TYp,
UA,Consumer Discretionary
UAA,Consumer Discretionary
UAL,Industrials
UAN,Materials
UBA,
UBP,
UBS,Financials
UBX,
UDR,
UE,
UEC,Energy
UFI,Consumer Discretionary
UFS,Materials
UG,Consumer Staples
UGI,Utilities
UGP,Energy
UHS,Health Care
UHT,
UIS,Information Technology
UL,Consumer Staples
ULH,Industrials
UMC,Information Technology
UMH,
UN,Consumer Staples
UNB,Financials
UNF,Industrials
UNH,Health Care
UNM,Financials
UNP,Industrials
UNT,Energy
UPL,Energy
UPS,Industrials
UQM,Consumer Discretionary
URG,Energy
URI,Industrials
USA,
USB,Financials
USG,Industrials
USM,Telecommunication Services
UTF,
UTG,
UTI,Consumer Discretionary
UTL,Utilities
UTX,Industrials
UUU,Information Technology
UVE,Financials
UVV,Consumer Staples
UWN,Consumer Discretionary
UZA,
UZB,
UZC,
UZV,
V,Information Technology
VAC,Consumer Discretionary
VAR,Health Care
VBF,
VC,Consumer Discretionary
VCF,
VCO,Consumer Staples
VCV,
VEC,Industrials
VER,
VET,Energy
VFC,Consumer Discretionary
VFL,
VG,Telecommunication Services
VGI,
VGM,
VGR,Consumer Staples
VGZ,Materials
VHC,Information Technology
VHI,Materials
VIA,Consumer Discretionary
VII,Information Technology
VIV,
VKI,
VKQ,
VLO,Energy
VLP,Energy
VLT,
VLY,Financials
VMC,Materials
VMI,Industrials
VMM,
VMO,
VMW,Information Technology
VNO,
VOC,Energy
VOD,Telecommunication Services
VPG,Information Technology
VPV,
VR,Financials
VRA,Consumer Discretionary
VRS,Materials
VRX,Health Care
VSH,Information Technology
VSI,Consumer Discretionary
VSM,Information Technology
VST,Utilities
VTA,
VTL,Health Care
VTN,
VTR,
VVC,Utilities
VVI,Industrials
VVR,
VVV,Materials
VZ,Telecommunication Services
VZA,
W,
WAB,Industrials
WAL,Financials
WAT,Health Care
WB,Information Technology
WBA,Consumer Staples
WBC,Industrials
WBK,Financials
WBS,Financials
WBT,Industrials
WCC,Industrials
WCG,Health Care
WCN,Industrials
WD,Financials
WDC,Information Technology
WDR,Financials
WEA,
WEB,Information Technology
WEC,Utilities
WEN,Consumer Discretionary
WES,Energy
WEX,Information Technology
WF,Financials
WFC,Financials
WFT,Energy
WGL,Utilities
WGO,Consumer Discretionary
WGP,Energy
WHD,Energy
WHF,Financials
WHG,Financials
WHR,Consumer Discretionary
WIA,
WIN,Telecommunication Services
WIT,Information Technology
WIW,
WIX,Information Technology
WK,Information Technology
WLH,Consumer Discretionary
WLK,Materials
WLL,Energy
WM,Industrials
WMB,Energy
WMC,
WMK,Consumer Staples
WMS,Industrials
WMT,Consumer Staples
WNC,Industrials
WNS,Information Technology
WOR,Materials
WOW,Consumer Discretionary
WP,Information Technology
WPC,
WPG,
WPM,Materials
WPP,Consumer Discretionary
WPX,Energy
WPZ,Energy
WR,Utilities
WRB,Financials
WRD,Energy
WRE,
WRI,
WRK,Materials
WRN,Materials
WSC,
WSM,Consumer Discretionary
WSO,Industrials
WSR,
WST,Health Care
WTI,Energy
WTM,Financials
WTR,Utilities
WTS,Industrials
WTT,Information Technology
WTW,Consumer Discretionary
WU,Information Technology
WVE,Health Care
WWD,Industrials
WWE,Consumer Discretionary
WWR,Energy
WWW,Consumer Discretionary
WY,
WYN,Consumer Discretionary
WYY,Information Technology
X,Materials
XEC,Energy
XEL,Utilities
XHR,
XIN,
XL,Financials
XOG,Energy
XOM,Energy
XON,Health Care
XPL,Materials
XPO,Industrials
XRF,Financials
XRM,Industrials
XRX,Information Technology
XYL,Industrials
Y,Financials
YGE,Information Technology
YIN,Financials
YPF,Energy
YRD,Financials
YUM,Consumer Discretionary
YY,Information Technology
Z,Information Technology
ZBH,Health Care
ZBK,
ZEN,Information Technology
ZF,
ZG,Information Technology
ZN,Energy
ZNH,Industrials
ZOM,Health Care
ZS,Information Technology
ZTO,Industrials
ZTR,
ZTS,Health Care
ZUO,Information Technology
ZX,Consumer Discretionary
